week,search_spend,social_spend,ctv_spend,tv_spend,year,month,dayofyear,trend,cs,cc,seasonality,prime_day_promo,mothers_day_promo,search_adstock,social_adstock,ctv_adstock,tv_adstock,search_adstock_scaled,social_adstock_scaled,ctv_adstock_scaled,tv_adstock_scaled,search_adstock_saturated,social_adstock_saturated,ctv_adstock_saturated,tv_adstock_saturated,search_contrib,social_contrib,ctv_contrib,tv_contrib,media_contrib,control_contrib,sales
2024-01-01,2124.29947052413,1748.6890706782472,7343.985561987588,18458.362735032686,2024,1,1,176.82794100389228,-0.0343745418029307,0.999852244286554,14.482165537254348,0.0,0.0,2018.0844970767546,1398.9548378669829,3686.3927526839657,4435.891674816523,1.198770593375353,0.7053904120522829,0.550214263009682,0.7244919792868755,0.8332792288720465,0.7849300604486635,0.8006528960771515,0.9479566850365017,166.6558457744093,235.47901813459907,320.26115843086063,473.9783425182508,1196.3743648581199,191.31010654114664,1893.645041235401
2024-01-08,1116.3251830898264,4070.188435557877,3909.650691434413,0.0,2024,1,8,178.92780822198563,-0.2715955579484075,0.990558296607687,10.784441079889193,0.0,0.0,1161.4131488305989,3535.950051786954,3805.6877038071,3548.7133398532187,0.6898957558983921,1.7829205035877287,0.5680196863643157,0.5795935834295004,0.5979150280864176,0.9905369174745786,0.8130761242507066,0.8954917846934083,119.58300561728352,297.1610752423736,325.23044970028263,447.7458923467041,1189.7204229066438,189.71224930187483,1877.7735005944644
2024-01-15,999.670377847571,2579.4186434605817,5885.9522922628885,0.0,2024,1,15,180.9566271930562,-0.4931610921964001,0.9669379524157752,7.106652903290627,0.0,0.0,1007.7575164338194,2770.730207788762,4857.361080961,2838.970671882575,0.5986221477365102,1.3970762100782395,0.7249876848816574,0.46367486674360037,0.5360683925435885,0.9701954989333452,0.8956880034937078,0.8207748074412943,107.2136785087177,291.05864968000355,358.2752013974831,410.3874037206471,1166.9349333068515,188.06328009634683,1862.7704758604068
2024-01-22,999.6896210205366,907.2201388069589,7634.582132029402,0.0,2024,1,22,182.91976592042275,-0.6862995247283515,0.9293328316011642,3.64549960309219,0.0,0.0,1000.0930158282985,1279.9240105949204,6260.941375381533,2271.1765375060604,0.5940693265082043,0.6453718882060201,0.9344797138325165,0.37093989339488037,0.5328159970615185,0.7478495753577619,0.9534996935773155,0.729355861288452,106.5631994123037,224.35487260732856,381.39987743092615,364.67793064422597,1076.9958800947843,186.56526552351494,1781.8375038951954
2024-01-29,4987.237310530018,753.3795699332074,6991.637444975849,0.0,2024,1,29,184.8219813422076,-0.8398778485943222,0.8782868151989792,0.5761344990698547,0.0,0.0,4787.880095980005,858.6900009908593,6639.998503208056,1816.9412300048482,2.8440681606651763,0.432974444369955,0.9910560615572097,0.2967519147159043,0.993251056594332,0.5713074520077003,0.962741750594491,0.6302795412448872,198.6502113188664,171.39223560231008,385.09670023779637,315.13977062244356,1070.2789177814166,185.39811584127747,1752.8671931260142
2024-02-05,2693.1150945643253,2365.8127590053246,6274.414694430075,12225.919130793634,2024,2,36,186.66751043105168,-0.9450434054986765,0.8145381792641417,-1.9575783935180213,0.0,0.0,2797.8533447350487,2064.393052599366,6469.509372729713,4391.671259593802,1.6619642631929337,1.0409221417263488,0.965609627177963,0.7172696802547599,0.9304812784243135,0.9156442606798624,0.9588318430729057,0.9460945572824719,186.0962556848627,274.6932782039587,383.5327372291623,473.04727864123595,1317.3695497592198,184.70993203753366,1999.2698383133634
2024-02-12,748.4427948059712,1483.282228069846,6313.461039578185,15817.86175932729,2024,2,43,188.46014474590365,-0.9957341762950345,0.7390089172206591,-3.8508788861156305,0.0,0.0,850.9133223301992,1599.50743074553,6403.864541525671,7314.666643397704,0.5054544890455942,0.8065143885377934,0.9558117773978412,1.1946678825330157,0.4663960000638852,0.8366109582619136,0.9572215671942959,0.9949214765709361,93.27920001277704,250.98328747857406,382.88862687771837,497.46073828546804,1224.6118526545374,184.60926585978802,1928.1716723004142
2024-02-19,2214.3607095974467,2717.3903296409067,7999.038985436159,0.0,2024,2,50,190.20329194103874,-0.9890282117049672,0.6527914051155326,-5.04355209884152,0.0,0.0,2146.1883403162574,2493.8193150914735,7217.136153648436,5851.733314718164,1.2748660791671165,1.2574503383815303,1.0771970097133696,0.9557343060264127,0.8551110374725807,0.9550381667574288,0.9734573140808475,0.9833258617294687,171.02220749451612,286.51145002722865,389.382925632339,491.66293086473434,1338.5795140188181,185.1597398421972,2032.9484706108503
2024-02-26,1668.0001598800136,2352.4572763449,16197.9025167583,0.0,2024,2,57,191.90002689673875,-0.9253120611552696,0.5571326026370674,-5.522691877773033,0.0,0.0,1691.9095688848927,2380.7309206146656,11724.879956683311,3937.1675239645456,1.0050180955096257,1.2004281479440204,1.75000240534505,0.6430378605534959,0.7636935861893469,0.9468724798786109,0.9981779151262826,0.9228037868997616,152.7387172378694,284.0617439635833,399.27116605051305,461.4018934498808,1297.4735207018466,186.3773350189657,1978.217163089593
2024-03-04,40.60779059940572,1648.9789656344317,4054.2326590672506,0.0,2024,3,64,193.55313451894972,-0.8082584910528855,0.4534160183974906,-5.322637089830923,0.0,0.0,123.17287947376087,1795.32439798079,7889.839801929464,3149.7340191716366,0.07316642391752902,0.9052505360288121,1.177601705277451,0.5144302884427967,0.07303614165795909,0.875899473530065,0.9821583646239257,0.858095291823303,14.607228331591818,262.7698420590195,392.8633458495703,429.0476459116515,1099.2880621518332,188.2304974291188,1794.0292801039836
2024-03-11,336.5687708776912,915.169359438934,16424.269506864377,17623.080611148947,2024,3,71,195.16514579679864,-0.6446147768746913,0.34314170031511604,-4.522096148393628,0.0,0.0,325.89897628288736,1091.1969587560461,12177.718021484374,6754.944888300748,0.19358857854810535,0.5502106655142164,1.817590961096697,1.1032513304782612,0.19120594608717026,0.6779528965358405,0.9986092502386303,0.9919904626695089,38.241189217434055,203.38586896075213,399.44370009545213,495.9952313347544,1137.0659896083928,190.64304964840503,1822.1480269430483
2024-03-18,1790.0501060961465,491.4601089903796,3954.9834705399053,13118.182796148389,2024,3,78,196.73836836250348,-0.44381377247259135,0.22790454049418826,-3.2386384796760463,0.0,0.0,1716.8425496348132,611.4066274647921,8059.135846675887,8556.501924037215,1.0198286369767908,0.3082875595444303,1.2028700650914692,1.397490621764132,0.7697967295955265,0.4320637461179851,0.983859699051837,0.9981549130911295,153.9593459191053,129.61912383539553,393.5438796207348,499.07745654556476,1176.1998059208004,193.49972988282744,1864.1107787607848
2024-03-25,4608.614873947425,1997.863802603192,1560.6846724597797,0.0,2024,3,85,198.274912536891,-0.21743017558155725,0.10937120837787452,-1.620884508055241,0.0,0.0,4464.026257717744,1720.5749162857453,4799.261332562899,6845.2015392297735,2.6516944228841806,0.8675598499063373,0.7163159799412019,1.117992497411306,0.9900998368188668,0.8620676638964059,0.8922047042714424,0.9925574631668527,198.01996736377336,258.62029916892175,356.88188170857694,496.27873158342635,1309.8008798246985,196.65402802883577,2009.3584551123267
2024-04-01,1009.5212134764404,641.3072915617818,4673.726631393389,13597.830596752072,2024,4,92,199.77671364352182,0.02148666818397291,-0.010743954210909479,0.16114070959595148,0.0,0.0,1182.2464656260283,857.1572847103358,4733.355377932974,8251.041181613195,0.702271039278751,0.4322016078641489,0.7064791560628314,1.3476012479704471,0.6058073173521099,0.5705260518013195,0.8881206958929505,0.997632790314038,121.16146347042198,171.15781554039586,355.2482783571802,498.816395157019,1146.3839525250169,199.93785435311776,1823.362443942241
2024-04-08,678.3596507703023,886.9532709601659,7413.332759217994,6589.518653666913,2024,4,99,201.24555121964923,0.2591649639138418,-0.13070372751198533,1.926918546027847,0.0,0.0,703.5539915104878,880.9928524253694,6075.500679790464,7546.660909835258,0.41792097263336153,0.4442201380388923,0.9068016766558331,1.2325583446082653,0.39517751920420713,0.5825607159551222,0.9481967558083381,0.9957961255543991,79.03550384084143,174.76821478653665,379.2787023233352,497.8980627771996,1130.980483727913,203.17246976567708,1813.4539395034337
2024-04-15,1461.1283217940277,1920.7299502814471,14552.572208898058,0.0,2024,4,106,202.68306563159754,0.4819043098624107,-0.2487731391528918,3.4969675606427835,0.0,0.0,1423.2496052518986,1712.7808991455981,10326.886509488304,6037.328727868207,0.8454302960458077,0.863629898192947,1.541344243872501,0.9860466756866123,0.6886746051678766,0.8605458988544061,0.995806956839111,0.985654013192618,137.73492103357532,258.16376965632185,398.3227827356444,492.827006596309,1287.0484800218505,206.18003319224033,1986.4810628631992
2024-04-22,628.7058580056006,1802.785568895436,3742.3073712312735,15435.556023676932,2024,4,113,204.09077250736726,0.6768654246191287,-0.36324455697000746,4.704313014736819,0.0,0.0,668.4330453293479,1784.7835092149298,7010.174204780324,8539.317360479494,0.39705863631669364,0.899935538239974,1.04630680787999,1.3946839530314856,0.37742940889748,0.874030463511076,0.970018781845169,0.9981288622139592,75.485881779496,262.2091390533228,388.0075127380676,499.0644311069796,1224.766964677866,208.79508552210407,1921.4080767559572
2024-04-29,933.7333730274801,705.7199828036787,7975.692904714514,0.0,2024,4,120,205.4700753242716,0.8328102370393752,-0.47246238640955923,5.405217759447239,0.0,0.0,920.4683566757167,921.5307562865868,7500.622692483982,6831.453888383596,0.5467711583502729,0.4646604324175153,1.1195089247758658,1.1157471624251887,0.49809635172903166,0.6024541480143211,0.9775436133930815,0.9924737536421093,99.61927034580633,180.73624440429631,391.0174453572326,496.23687682105464,1167.60983692839,210.87529308371882,1882.2560980032522
2024-05-06,1281.2430921858972,3347.0726790616836,2847.6841261775617,0.0,2024,5,127,206.822276429644,0.9407496782065095,-0.5748470153112095,5.488539943429499,0.0,0.0,1263.2043554454444,2861.9692750574136,5147.532653682367,4754.621559973228,0.7503611652163998,1.4430813858807905,0.7682973777826663,0.7765485357321161,0.6353643690052531,0.973987768594376,0.9115463835056888,0.9596426024988953,127.0728738010506,292.19633057831277,364.61855340227555,479.8213012494477,1263.7090590310866,212.3108163730735,1965.1235864979055
2024-05-13,311.7473859144878,3293.946345498496,14297.925254876118,0.0,2024,5,134,208.1485867247192,0.9944618349935954,-0.6689176597619771,4.883162628474274,0.0,0.0,359.32023433617667,3207.5566709167856,9743.009232287744,3274.787793811642,0.21344127619576417,1.6173357856418331,1.454197369593002,0.5348546953823508,0.21025801110249834,0.9844957716329176,0.9940633781701382,0.8709828087421153,42.05160222049967,295.34873148987526,397.6253512680553,435.4914043710577,1170.5170893494878,213.03174935319348,1866.6011942866578
2024-05-20,2820.1224004888854,2413.3088491729236,10914.934662113707,0.0,2024,5,141,209.45013420311003,0.990850597491447,-0.7533137806020226,3.563052253341366,0.0,0.0,2697.0822921148797,2572.15926435533,10347.313613847105,2619.830235049314,1.6021048397052042,1.296951434196491,1.5443931008240606,0.4278837563058806,0.9219847758469812,0.9599621154122725,0.9958576769779245,0.7893517085188306,184.39695516939625,287.9886346236818,398.3430707911698,394.6758542594153,1265.404514843663,213.0131864564514,1996.0054865271732
2024-05-27,231.82629046145397,2411.4749774749325,4827.390317097804,0.0,2024,5,148,210.72797150390488,0.9301241269224694,-0.8268147608364065,1.5496404912909434,0.0,0.0,355.08909051526547,2443.615460163714,7587.653266816974,1547.6159077292934,0.21092791721788326,1.2321362131821059,1.132498713582572,0.2527643581857816,0.20785449869771927,0.9515765513220525,0.9786685060167548,0.5593666123651064,41.570899739543854,285.4729653966158,391.4674024067019,279.6833061825532,998.1945737254148,212.27761199519583,1707.762870114772
2024-06-03,1594.7342120592518,2413.327083834556,2154.3993208337583,19111.24092540462,2024,6,155,211.98308261378608,0.8157828566806118,-0.888357559359379,-1.0886205401815081,0.0,0.0,1532.7519560160583,2419.3878851219592,4860.714659632456,5565.2017898549,0.9104762335135862,1.2199200224380298,0.7254882248243472,0.9089365465692099,0.7213607525634429,0.9498143379971906,0.8958857826281132,0.9789762612207016,144.27215051268857,284.9443013991572,358.3543130512453,489.48813061035077,1277.0588955734418,210.8944620736046,1988.7636961033013
2024-06-10,2627.9111288382505,3116.9113247825826,11760.811125972292,0.0,2024,6,162,213.21638883154765,0.6544177181490256,-0.9370520856662402,-4.239515512758219,0.0,0.0,2573.153170240439,2977.409086636185,8305.288851463303,4452.161431883921,1.5284891971584693,1.501289223655558,1.2396097461843532,0.7271492372553681,0.9101656987476247,0.9781100099621336,0.9860502143340102,0.9486259302426275,182.03313974952493,293.43300298864006,394.4200857336041,474.31296512131377,1344.1991935930828,208.97687331878942,2036.0790886773107
2024-06-17,1554.2866512300732,2619.1039853476454,5867.86215659431,12927.589683128468,2024,6,169,214.4287540910584,0.4553302220897019,-0.9721940731890597,-7.752957766490366,0.0,0.0,1605.229977214939,2690.7666774297504,7090.74325850991,6046.12887629124,0.9535291981466866,1.3567564612898502,1.058332179426995,0.9874839598712594,0.7413766263317498,0.9664275970356481,0.9714066581327085,0.9857560083120683,148.27532526634997,289.9282791106944,388.56266325308343,492.8780041560342,1319.6442717861619,206.67579632456804,2019.787475416428
2024-06-24,1145.1009213392083,973.2567710898404,11193.33983818716,0.0,2024,6,176,215.62098972436033,0.22999629511247385,-0.9932752650698283,-11.449184549360316,0.0,0.0,1168.1073741408384,1316.7593002745677,9148.350659982796,4836.903101032992,0.6938722199458432,0.6639452255732283,1.3654413281036792,0.7899871678970074,0.6004638233515813,0.7598744157741661,0.9915437984564959,0.9622156977385403,120.09276467031627,227.96232473224984,396.61751938259835,481.1078488692702,1225.7804576544347,204.171805175,1931.2833339059532
2024-07-01,923.2341820610136,1469.1514251135281,6250.418484227488,0.0,2024,7,183,216.79385873464312,-0.008595222901298353,-0.9999907650547006,-15.128789819339985,0.0,0.0,935.4778416517192,1438.6691541531625,7706.05660025818,3869.522480826394,0.5556870036664647,0.7254154315677067,1.1501710581258413,0.631989734317606,0.5047703602582757,0.7961920954571214,0.9801098749082621,0.9185978847690932,100.95407205165515,238.85762863713643,392.04394996330484,459.2989423845466,1191.154593036643,201.66506891530315,1879.0077390228787
2024-07-08,757.014123248377,6137.333272043014,6387.521155749925,0.0,2024,7,190,217.9480796388561,-0.24669128967296414,-0.9922434471936985,-18.584021052999937,0.0,0.0,765.9373091850676,5197.6062717363775,7031.278281731256,3095.617984661115,0.45497754130221796,2.6207719723788974,1.0494567066903113,0.5055917874540847,0.4259819423517723,0.9992303338001101,0.9703886054821451,0.8521575000557625,85.19638847035445,299.769100140033,388.15544219285806,426.07875002788126,1199.199680831127,199.36405858585616,1903.072115637131
2024-07-15,3405.4425956955256,333.22916078180725,4880.0425055118,0.0,2024,7,197,219.0843299313394,-0.47056742203585,-0.9701453605686069,-21.61069173906685,0.0,0.0,3273.4673313917233,1306.100322958614,5943.827271745838,2476.4943877288924,1.9444856649617488,0.6585706843818768,0.8871487009623182,0.4044734299632679,0.9598881675913584,0.7564466435479701,0.9440785196006842,0.7662511114165435,191.9776335182717,226.93399306439102,377.6314078402737,383.12555570827175,1179.6685901312082,197.47363819227255,1869.934564044455
2024-07-22,1807.105144037657,1234.877563564442,8488.645852795875,12678.852482083417,2024,7,204,220.20324921280329,-0.6673188112222392,-0.934016108732548,-24.02002379932181,0.0,0.0,1880.423253463818,1249.119705765604,7223.415494693793,5028.162187501531,1.1169978772528564,0.629839534560018,1.0781342356784929,0.8212245569655587,0.8065221462160478,0.737401264634927,0.9735553205335462,0.9675907996420656,161.30442924320957,221.2203793904781,389.4221282134185,483.7953998210328,1255.742336668139,196.18322541348147,1948.4252370841011
2024-07-29,832.9983358270811,3357.856641134046,6633.183444426312,0.0,2024,7,211,221.30544202301638,-0.8256041899633285,-0.8843782272993225,-25.649736258939765,0.0,0.0,885.3695816806503,2936.1111884618435,6937.081399214156,3251.987353742159,0.5259219920301654,1.4804657198357285,1.0353973072261005,0.5311308136545051,0.482257674983307,0.9767153424669048,0.96870242223371,0.8687172439312726,96.45153499666141,293.01460274007144,387.480968893484,434.3586219656363,1211.305728595853,195.65570576407663,1899.740955013177
2024-08-05,565.3311016390754,1020.0898126641869,8062.404898237305,0.0,2024,8,218,222.39148041050495,-0.9362995729471476,-0.8219496265362164,-26.37373799225046,0.0,0.0,581.3330255646131,1403.2897935222682,7492.491371808603,2601.5898829937278,0.3453199987484348,0.7075762125321414,1.118295280730629,0.4249046509236042,0.3322185645121094,0.7861854684646703,0.9774355650462038,0.7865279200451133,66.44371290242188,235.8556405394011,390.9742260184815,393.26396002255666,1086.5375394828611,196.0177424182545,1804.782620115223
2024-08-12,2354.890742117451,2663.0848929236518,2454.3388023135044,0.0,2024,8,225,223.4619062682528,-0.9930241873159635,-0.7476332082626878,-26.10986093367977,0.0,0.0,2266.212856319519,2411.125963116505,4966.721904013444,1560.04693878703,1.34616233087374,1.2157541405882217,0.7413103853356781,0.25479465625341163,0.8731444354535879,0.949199230880252,0.9019578451153863,0.5628442987958356,174.62888709071757,284.7597692640756,360.78313804615453,281.4221493979178,1101.5939437988654,197.352045334573,1798.7840224365832
2024-08-19,3336.592352729093,1787.5529954362744,11386.13551412366,10772.559713455426,2024,8,232,224.5172334607121,-0.9925082771867967,-0.6625038072252247,-24.825181266180323,0.0,0.0,3283.0733779899388,1912.2692566552573,8176.806739805683,3836.8862282032756,1.9501917918346396,0.964217258767021,1.2204330889157655,0.6266594185676373,0.9603343046329288,0.8949639805801948,0.9849464348209092,0.916491025172456,192.06686092658575,268.4891941740584,393.9785739283637,458.24551258622796,1312.7801416152358,199.69205219453178,1999.779662662297
2024-08-26,3082.302733331325,1073.6827167973097,12768.884411303163,17738.67496812611,2024,8,239,225.55794976428126,-0.9347815809756548,-0.5677926458146328,-22.538613401854313,0.0,0.0,3092.341265644377,1241.3992148469113,10485.626881293787,7332.446153260036,1.8368942327763247,0.6259466567322488,1.5650371118175255,1.19757172086704,0.9504961429894075,0.7347256478347497,0.9961853654251536,0.994994496703562,190.0992285978815,220.4176943504249,398.47414617006143,497.49724835178097,1306.4883174701488,203.01933636242694,2019.3781927778139
2024-09-02,444.96793796537776,275.05911538602913,6617.516682799182,28251.653249215706,2024,9,246,226.58451864069232,-0.8231716171970577,-0.4648695269564179,-19.320617162302135,0.0,0.0,577.3366043377479,468.31512930999753,8552.022753668149,12655.36047085167,0.34294606829485536,0.2361370024910751,1.2764361293911617,2.0669366675856544,0.3301049798660343,0.34009991105230175,0.9879494004146365,0.999935028941653,66.02099597320687,102.02997331569053,395.1797601658546,499.9675144708265,1063.1982439255785,207.26390147839018,1755.8120216043164
2024-09-09,914.25026415557,1962.297193533604,15635.796398927445,0.0,2024,9,253,227.59738086041673,-0.6641118775498908,-0.35522302271763906,-15.290023504012947,0.0,0.0,897.4045810722322,1663.504117028755,12114.9992898143,10124.288376681337,0.5330709510469047,0.8387832278779789,1.8082298476619911,1.6535493340685237,0.4877250403283547,0.8505601497704998,0.9985562254190381,0.9994868057450438,97.54500806567094,255.16804493114992,399.42249016761525,499.74340287252187,1251.878946036958,212.3073573564038,1966.692666533419
2024-09-16,739.1078550751342,957.5567432960601,13871.27770273072,0.0,2024,9,260,228.59695599117512,-0.46677098354429514,-0.2404389451614255,-10.60814893058581,0.0,0.0,747.0226913353564,1098.7456500881053,13003.692676370421,7588.234520443337,0.44374199209899545,0.5540169173995849,1.9408721919617262,1.2393483542937012,0.41674136494484865,0.6810262001880127,0.9991504183179436,0.9959361666450623,83.34827298896973,204.30786005640383,399.6601673271774,497.9680833225312,1185.2843836950822,217.98880706058932,1879.7571492691143
2024-09-23,1057.5940764770346,1601.7034741911996,8579.055877958694,0.0,2024,9,267,229.58364376488743,-0.24252418305646908,-0.12217741082416404,-5.470523908209497,0.0,0.0,1042.0655072282852,1501.1083127596876,10795.189713308739,6070.587616354669,0.6190015771121246,0.756898923833125,1.6112410561336288,0.9914786834349608,0.550432486221567,0.8128418121721653,0.9968280358745736,0.9860357231537634,110.0864972443134,243.8525436516496,398.73121434982943,493.0178615768817,1245.6881168226741,224.11311985667794,1953.863004092571
2024-09-30,2796.741680081173,2398.5857100995736,11834.323581007277,0.0,2024,9,274,230.55782533487837,-0.004297651139222852,-0.0021488305307002555,-0.09669722504884662,0.0,0.0,2709.0078715213344,2219.093053798422,11322.15256614383,4856.470093083735,1.6091888017108233,1.118926016216446,1.6898931415618674,0.7931829467479687,0.9230400639032693,0.9326521837524406,0.9976832372601618,0.9628035115789275,184.60801278065387,279.7956551257322,399.0732949040647,481.4017557894638,1344.8787185999145,230.46112810982953,2077.7021815401736
2024-10-07,4262.450987796957,2965.756435562518,10352.575125208621,0.0,2024,10,281,231.5198644338261,0.2341766086868303,0.1179108281943183,5.281311553217229,0.0,0.0,4184.778832053964,2816.4243790826054,10852.850583564255,3885.1760744669887,2.485817521968283,1.4201164322819073,1.6198472561130088,0.6345463573983751,0.9862318283636323,0.9721583106492196,0.9969352075114433,0.9195902649486241,197.24636567272645,291.6474931947659,398.7740830045773,459.795132474312,1347.4630743463817,236.8011759870433,2093.12584929337
2024-10-14,1873.209920180644,1232.049134039239,2082.1092859453333,0.0,2024,10,288,232.4701084417855,0.45915231321321653,0.23626514834039863,10.431261923304227,0.0,0.0,1988.7883657200045,1548.923045373092,6449.236746072092,2673.8041250910246,1.1813682790416347,0.781008389719647,0.9625838268674637,0.4366990415501373,0.8278825737996286,0.8247564635545624,0.9583409907788795,0.7975151060963964,165.57651475992571,247.42693906636873,383.33639631155177,398.7575530481982,1195.0974031860444,242.90137036508972,1940.0551929254136
2024-10-21,591.2068259699498,1072.2040105624862,5396.831895451521,0.0,2024,10,295,233.4088893726049,0.6576612714422887,0.3512023771260506,15.132954728525089,0.0,0.0,661.0859028650095,1167.5478144962094,5908.579315828763,1423.8411230006252,0.39269433029068423,0.5887088072220755,0.8818877509256217,0.2325488422652787,0.3736806599739177,0.7079505841614354,0.942923189519285,0.5236619893779593,74.73613199478353,212.3851752484306,377.169275807714,261.8309946889796,926.1215777399077,248.54184410112998,1673.2756424523789
2024-10-28,1250.610667457532,632.1597033145522,8873.019858927926,0.0,2024,10,302,234.33652478616375,0.8182609052055424,0.4610601829960977,19.1898163230246,0.0,0.0,1221.1344292578026,739.23805689476,7395.222142625656,0.0,0.7253710369773351,0.37274358216795056,1.1037773167373868,0.0,0.6202252272309743,0.5073207812759826,0.976102532312306,0.0,124.04504544619486,152.19623438279478,390.4410129249224,0.0,666.6822927539121,253.52634110918837,1416.595389516029
2024-11-04,4937.545870812081,3054.402582008738,13179.946023434937,25956.347751248108,2024,11,309,235.25331863308037,0.9316938294480984,0.5642496978421838,22.43915290935423,0.0,0.0,4751.725298883669,2591.371913623504,10282.768690137174,6237.79847385257,2.822591702354674,1.3066389653569372,1.5347594182479924,1.018788395661403,0.9929558971866672,0.9610866600587753,0.9956952885402998,0.9878072023179523,198.59117943733344,288.32599801763257,398.27811541611993,493.90360115897613,1379.0988940300622,257.6924715424346,2119.049101688088
2024-11-11,1425.3825724407816,5625.643667923917,2733.6401811730248,0.0,2024,11,316,236.1595620378472,0.9914214722379543,0.659278496725024,24.760499534444673,1.0,0.0,1591.699708788393,5018.7988773303305,6486.365930710868,4990.238779082057,0.9454920282790655,2.5306125060373046,0.9681255605710418,0.8150307165291225,0.7377353826991946,0.9989914027384084,0.9592356685908726,0.9665884388950681,147.5470765398389,299.6974208215225,383.69426743634904,483.29421944753403,1314.2329842452446,300.92006157229184,2106.5149153168
2024-11-18,925.5663389601297,3255.548264276885,2170.071751903217,0.0,2024,11,323,237.05553402574526,0.9940009752399459,0.7447721827437818,26.08159736975591,0.0,0.0,958.8730074466432,3608.2017739703756,4315.652205765758,3992.1910232656464,0.5695840614074662,1.8193517526194412,0.6441346750350134,0.6520245732232982,0.5150537452267676,0.9915125006039873,0.8586726037656592,0.9260703295875399,103.01074904535352,297.4537501811962,343.4690415062637,463.0351647937699,1206.9687055265833,263.13713139550117,1964.5781716705671
2024-11-25,1016.7401781421977,3694.1570725174665,6054.254407015711,14647.251900907633,2024,11,330,237.94150219835103,0.9392836491203558,0.8194942648716692,26.381668709880376,0.0,0.0,1013.8468195413651,3676.9686661449914,5173.619837422123,6713.762892033668,0.6022392794820088,1.854025857239264,0.7721910325119183,1.0965252812025525,0.5386410718712709,0.9923478132533096,0.9128537796648613,0.9917176538306948,107.72821437425418,297.70434397599286,365.1415118659445,495.8588269153474,1266.432897131539,264.3231709082314,2043.4415347543975
2024-12-02,1865.163057553633,1026.4161435688561,1634.8316784965002,0.0,2024,12,337,238.8177233619718,0.8304235443909626,0.882364041265584,25.691813784848197,0.0,0.0,1822.5972455640576,1556.5226763049975,3387.132143357915,5371.010313626935,1.082648414728896,0.7848403267124635,0.5055479817274505,0.8772202249620422,0.7941791613368401,0.8265858178159438,0.7662149377907063,0.9754078074634287,158.835832267368,247.97574534478312,306.48597511628253,487.7039037317144,1201.001456460148,264.50953714682,1969.6344130817895
2024-12-09,466.2932917539914,2310.2475326510794,5947.702540217377,22225.90800247798,2024,12,344,239.68444411292288,0.6736956436465573,0.9324722294043558,24.092518095763694,0.0,0.0,534.1084893922849,2159.5047695378366,4674.996936403866,9638.111902189634,0.3172679596335312,1.0888800109771695,0.6977688397589179,1.5741445644960614,0.30703451089802525,0.9265329338534054,0.884383287359251,0.9992367747296922,61.40690217960505,277.9598801560216,353.7533149437004,499.6183873648461,1192.738484644173,263.77696220868654,1935.3589649885066
2024-12-16,717.676038440852,2814.8897804431326,7504.4798442178735,0.0,2024,12,351,240.54190138318424,0.47813415507327506,0.9690941169976678,21.70842408106414,0.0,0.0,708.4976609931168,2683.816347291667,6093.8710333476665,7710.489521751707,0.4208575818822445,1.3532519191078616,0.9095435523109283,1.259315651596849,0.3976526526093372,0.9660787854509449,0.9487473236679108,0.9963215800514919,79.53053052186743,289.8236356352835,379.4989294671643,498.16079002574594,1247.0138856500612,262.25032546424836,2013.153218747047
2024-12-23,3043.0459404501066,32.622308046102305,3647.0659959296922,0.0,2024,12,358,241.3903229496363,0.25501175694071004,0.9917000434646999,18.700677006081147,0.0,0.0,2926.318526543773,562.8598880394865,4860.2215462798595,6168.391617401367,1.7382743891802201,0.28380899626269895,0.7254146249618036,1.0074525212774794,0.9400261896115301,0.40173280047526716,0.8958567232389939,0.9871007478300344,188.005237922306,120.51984014258015,358.34268929559755,493.5503739150172,1160.4181412755008,260.09099995571745,1915.8881538662226
2024-12-30,1815.2349154460767,785.2408183160628,6031.515215169604,10383.7209255165,2024,12,365,242.22992790977875,0.0171898107942232,0.9999630603893711,15.257293067753913,0.0,0.0,1870.7890958850944,740.7599850055586,5431.851849728133,6383.5877746350425,1.1112750520619155,0.3735109789903005,0.8107335714839287,1.0425994322749408,0.804512639639979,0.5081751148067206,0.9248367690033833,0.9891683246786923,160.9025279279958,152.45253444201617,369.9347076013533,494.58416233934616,1177.8739323107116,257.4872209775327,1927.2380892845727
2025-01-06,1440.3280411168168,4453.77594151832,9888.182576176549,7873.6129673157175,2025,1,6,243.0609271265647,-0.20482791329167768,0.9946853775386856,11.847861963705117,0.0,0.0,1461.8510938557852,3711.1703502245205,7674.045727452348,6999.04747907867,0.868360123546035,1.8712712602878183,1.1453932604328707,1.1431193845485998,0.7005399931602605,0.992732239626542,0.9797299849804957,0.993433264907667,140.1079986320521,297.8196718879626,391.89199399219825,496.71663245383354,1326.5362969660464,254.90878909026983,2088.7852015224066
2025-01-13,3176.01263777512,535.7790388867741,4661.640103078543,9241.76220101768,2025,1,13,243.8835236447462,-0.4322235490374716,0.9751324245068005,8.143633132039932,0.0,0.0,3090.3045606626656,1170.8517310526904,6172.728343405005,7820.207231544195,1.8356844013530154,0.5903747302369428,0.9213134367608514,1.2772352958437232,0.950379190766274,0.7091948388960058,0.951046664312536,0.996636296118637,190.0758381532548,212.75845166880174,380.4186657250144,498.3181480593185,1281.5711036063894,252.02715677678611,2045.9702546531269
2025-01-20,545.4258960040371,4044.734681136549,3992.176527676358,0.0,2025,1,20,244.6979130809088,-0.6347046832400998,0.9414761786005293,4.601572430406444,0.0,0.0,672.6698292194783,3469.9588091045584,5078.409145581192,5665.606091995732,0.39957534557506796,1.7496459556126474,0.7579803164660606,0.9253350785712199,0.37958555284539575,0.9895487117622394,0.9079911342271944,0.980615235786286,75.91711056907914,296.8646135286718,363.1964536908777,490.307617893143,1226.2857956817718,249.29948551131523,1986.7606426224813
2025-01-27,894.0266264845628,532.7052257070262,5891.3736557164,0.0,2025,1,27,245.50428398918342,-0.8005997710663679,0.8942034084690725,1.404054561040569,0.0,0.0,882.9587865852702,1120.1549312639845,5493.237561388443,4532.484873596585,0.5244899458144686,0.5648120490661818,0.8198957243977525,0.7402680628569759,0.4811579245334138,0.6896133318553739,0.9274434072709139,0.9518090320785597,96.23158490668277,206.88399955661217,370.97736290836554,475.9045160392799,1149.9974634109403,246.908338550224,1886.8351916824927
2025-02-03,1758.9026233729282,815.4026028420283,3434.1885619598042,0.0,2025,2,34,246.30281820444606,-0.9203461835691594,0.8339978178898779,-1.2952254851892224,0.0,0.0,1715.1054315815131,876.3500070761661,4458.784602893226,2729.865848084779,1.0187967644052836,0.4418790913479477,0.6654979674679645,0.44585532209787127,0.7693759972487079,0.5802361461560263,0.8694925345975236,0.8056958528816991,153.8751994497416,174.0708438468079,347.7970138390094,402.84792644084956,1078.5909835764085,245.00759271925682,1819.8880277854507
2025-02-10,1699.680468862628,2336.4218634660274,15065.80060125971,0.0,2025,2,41,247.09369116466254,-0.9870414227570223,0.7617301573941295,-3.379668980443392,0.0,0.0,1700.4517170350136,2044.4065122832528,9777.118721207922,2183.8926784678233,1.0100922517312574,1.0308443940196548,1.459288397209142,0.35668425767829703,0.7658001716561496,0.9131673864695161,0.9941827014745259,0.7122376236280206,153.16003433122992,273.95021594085483,397.67308058981035,356.11881181401026,1180.9021426759055,243.71402218421915,1928.5913260369673
2025-02-17,155.9749190074765,1816.8361772745457,6348.831189413584,15034.622983859337,2025,2,48,247.87707221389266,-0.9968409997228433,0.6784456306441233,-4.7759305361808,0.0,0.0,233.19875880171594,1862.353898355646,8068.272534121506,5360.216771943535,0.13852334472023672,0.9390486012767011,1.2042337656210944,0.8754573698359539,0.13764406458574954,0.887190698526598,0.9839467967540656,0.9751927875045668,27.52881291714991,266.1572095579794,393.57871870162626,487.5963937522834,1174.861134929039,243.10114167771187,1929.6688181322193
2025-02-24,796.6303134596435,1318.0398874950733,4221.734267892282,0.0,2025,2,55,248.65312488734105,-0.9491800410903773,0.585348777703486,-5.45746895080337,0.0,0.0,768.4587356889473,1426.903780842475,6141.454810914194,3869.514198341228,0.4564753041315675,0.7194830159507533,0.9166456911391695,0.6319883815807695,0.4272071376015381,0.792911346324654,0.95014706836376,0.9185973565983682,85.44142752030763,237.8734038973962,380.05882734550397,459.2986782991841,1162.6723370623918,243.1956559365377,1900.1179021447858
2025-03-03,1087.5329271150797,4352.069682170805,6956.160253539227,22456.317175249682,2025,3,62,249.42200717972648,-0.8468058498005255,0.4837860538327631,-5.445296939516437,0.0,0.0,1071.579217530681,3767.0362936101874,6543.05846884899,8174.83200111607,0.6365331364017184,1.8994403617897582,0.9765872316903506,1.3351543840554314,0.5625343827641869,0.9933192157025217,0.960565568168402,0.9974809792492256,112.50687655283738,297.99576471075653,384.2262272673608,498.7404896246128,1293.4693581555675,243.97671024021005,2035.218160675812
2025-03-10,1949.791356443353,646.1278656407486,5874.780571299232,0.0,2025,3,69,250.18387179813712,-0.6956195433480458,0.37522635577240865,-4.805897813634557,0.0,0.0,1905.8807494522148,1270.309777229612,6211.298226874544,6167.248792815133,1.1321199881535975,0.6405241348321785,0.9270702026377674,1.007265869459276,0.8117435768524964,0.744627349246173,0.9521343662244064,0.9870887816176062,162.3487153704993,223.3882047738519,380.85374648976256,493.5443908088031,1260.1350574429168,245.37797398450257,1992.2370117393468
2025-03-17,1693.8351518353231,1560.6693112953662,5541.3357485231245,0.0,2025,3,76,250.9388664004444,-0.5043358978570156,0.26123977716060154,-3.646441810446211,0.0,0.0,1704.4374317587842,1502.5923171033144,5879.354554798533,4933.799034252107,1.0124598223713175,0.7576471984786699,0.8775257956401533,0.805812695567421,0.7667775069052426,0.8132222860129531,0.9419477447243831,0.965040005093741,153.35550138104853,243.96668580388592,376.77909788975325,482.5200025468705,1256.6212876215582,247.29242458999818,1989.5592327225881
2025-03-24,1198.7884113408556,2522.51369668526,4660.9869809635275,0.0,2025,3,83,251.68713382026178,-0.2839810054766974,0.14347490034524638,-2.1075915769717657,0.0,0.0,1224.0708623730616,2318.5334959070524,5267.758244989358,3947.0392274016854,0.7271153195745628,1.1690665443700345,0.7862417042703195,0.6446501564539368,0.6212973593915827,0.9417838557022816,0.9174198833155308,0.9233998620037389,124.25947187831655,282.5351567106845,366.96795332621235,461.69993100186946,1235.4625129170827,249.57954224329,1994.7923650291032
2025-03-31,39.85200885744475,2085.7220379243554,4540.509749967185,15663.61360899257,2025,3,90,252.42881227935715,-0.047256701446008104,0.023634953017580465,-0.3543262264264146,0.0,0.0,99.06295146943269,2132.286931141758,4906.303254709658,6921.892286481468,0.058844787364723025,1.0751560495441788,0.732292571763177,1.1305180132134176,0.05877696051742441,0.9235630401628075,0.8985394674340091,0.9930076960001073,11.755392103484882,277.06891204884226,359.41578697360364,496.50384800005367,1144.7439391259845,252.07448605293072,1913.0933055217652
2025-04-07,1263.3257683715087,1098.6031543670688,2487.579512073806,16456.64337826194,2025,4,97,253.1640355883563,0.1921916030786927,-0.09654682548716673,1.4346716638728898,0.0,0.0,1205.112627510212,1305.3373746628008,3672.2782047854853,9492.35470022884,0.715853861251679,0.6581859854636625,0.5481075896054379,1.5503387704223681,0.6143345185321446,0.756199681129124,0.7991353841884703,0.9991403425763471,122.86690370642891,226.85990433873718,319.6541536753881,499.5701712881735,1168.9511330087278,254.5987072522292,1922.6857188019928
2025-04-14,1385.933789053902,1127.8222609692034,11825.554861208122,14547.714373743189,2025,4,104,253.89293333650915,0.42056147839204977,-0.21533225194606107,3.0784383966898305,0.0,0.0,1376.8927310223605,1163.32387260381,7759.655206863067,10483.795061625586,0.8178936603362196,0.5865789828479682,1.1581709430567084,1.7122657610770562,0.6739218041133502,0.7063534236016606,0.9807302387825588,0.9996173435510101,134.78436082267004,211.9060270804982,392.2920955130235,499.80867177550505,1238.7911551916968,256.97137173319896,2007.8049216996
2025-04-21,8665.42479406549,2938.628596357218,8304.843764359108,15152.66818049865,2025,4,111,254.61563107123234,0.6246890845700741,-0.33100333850795854,4.405286190931734,0.0,0.0,8300.998191205339,2583.570970580709,8040.255582662983,12028.507159062587,4.930909752140317,1.3027055214183583,1.2000520825144028,1.9645558544655075,0.9998957505996958,0.9606338415651697,0.9836782306048513,0.9998916004145284,199.97915011993916,288.1901524695509,393.4712922419405,499.9458002072642,1381.5863950386947,259.02091726216406,2144.9469446014305
2025-04-28,1049.4591331747508,3023.1361934841193,7302.419313244182,12516.563672397966,2025,4,118,255.33225046808832,0.7928079698068659,-0.44188713986832256,5.2638124490781495,0.0,0.0,1412.0360860748672,2935.2204272406852,7672.016387286338,11725.359478458688,0.8387693078378572,1.4800165742251448,1.145090370323556,1.9150442614787313,0.6851566562060402,0.9766843127213554,0.9797056610980053,0.9998611537777993,137.03133124120802,293.0052938164066,391.8822644392021,499.9305768888996,1321.8494663857164,260.5960629171665,2074.7040922476212
2025-05-05,1768.1896660898128,2120.965721657598,5826.132808278403,13964.232222230044,2025,5,125,256.042909491809,0.9152273196269166,-0.5463799489958725,5.532710559465662,0.0,0.0,1750.3819870823263,2283.819683249877,6748.979210011741,12736.155183213974,1.0397515348478514,1.1515629124075573,1.0073220275839188,2.0801324634630864,0.7777899311691194,0.9387413231783531,0.9650477201354238,0.9999391771823212,155.5579862338239,281.6223969535059,386.0190880541695,499.9695885911606,1323.16905983266,261.57562005127465,2089.081427150036
2025-05-12,3637.958577994596,928.929347911349,3611.5197517900965,0.0,2025,5,132,256.74772254893065,0.9848905609055164,-0.6429704914694572,5.128801041540888,0.0,0.0,3543.5797485211274,1199.9061211722976,5176.465527966148,10188.92414657118,2.10493624224397,0.605024730125178,0.7726157673761821,1.6641059707704693,0.9707379671171132,0.7199480370396855,0.9129952747948367,0.999513184866923,194.14759342342265,215.98441111190564,365.1981099179347,499.7565924334615,1275.0867068867244,261.87652359047155,2055.419669274788
2025-05-19,2658.0900584982496,1153.824278614128,4081.1647285616855,0.0,2025,5,139,257.4468006325623,0.9977821212931187,-0.7302617829665722,4.012805074898198,0.0,0.0,2702.364543053547,1163.037844042658,4627.678221886658,8151.139317256944,1.6052425711041007,0.5864347596041947,0.690706263039252,1.3312847766163756,0.922453901381381,0.7062450092416184,0.881267174442589,0.9974318297863384,184.49078027627618,211.87350277248552,352.5068697770356,498.7159148931692,1247.5870677189664,261.4596057074605,2008.6167609571075
2025-05-26,4407.545661268933,1708.8365993428538,2655.1976592389483,0.0,2025,5,146,258.14025145977337,0.9531588973612176,-0.8069913337797411,2.192513453722148,0.0,0.0,4322.286605520246,1599.6760764194605,3637.7412501888266,5889.37327104395,2.5674990746637594,0.8065994241931304,0.542952760401153,0.9618818516514687,0.9882947845334081,0.8366492306951722,0.7953788362354901,0.9838265084098543,197.65895690668162,250.99476920855165,318.151534494196,491.91325420492717,1258.7185148143565,260.3327649134955,2037.8270035976202
2025-06-02,160.61273504083448,1875.1976871439517,4356.58627531412,8785.016036444631,2025,6,153,258.8281796020512,0.8535930890373463,-0.8720494081438077,-0.2768447865969209,0.0,0.0,368.69642852388404,1820.0949554687284,4000.828481895082,6159.1909772647095,0.219010867501917,0.917740513031803,0.5971455138607598,1.005949826786278,0.21557509795432966,0.8801900652368951,0.8319049481471353,0.9870040967859708,43.115019590865934,264.05701957106857,332.7619792588541,493.5020483929854,1133.436066813774,258.55133481545425,1860.5504603801514
2025-06-09,349.3744507266495,2460.691523887361,3333.87858739234,11416.72299347276,2025,6,160,259.5106866092475,0.7048239312397689,-0.9244950742903876,-3.2950671457592797,0.0,0.0,350.3405495780451,2332.5749399268734,3650.703189008778,7084.459549575466,0.20810721707117263,1.1761466156595786,0.544887400601876,1.1570693104136793,0.20515408657210127,0.9429724533909167,0.7967959352202881,0.9938743285698133,41.030817314420254,282.89173601727504,318.71837408811524,496.93716428490666,1139.5780917047173,256.2156194634882,1905.656541220708
2025-06-16,658.7171463656824,1505.9731546502085,13496.299348219942,0.0,2025,6,167,260.18787112740256,0.5154268692901872,-0.9635698130983151,-6.722144157121919,0.0,0.0,643.2983162291765,1671.2905776196858,8583.680593288596,5056.630165997985,0.3821282534901141,0.8427093693773285,1.2811612349520278,0.825874089370573,0.36455430662206567,0.8521806602114117,0.9881736887970388,0.9683237520071531,72.91086132441313,255.6541980634235,395.2694755188155,484.1618760035766,1207.9964109102289,253.46572697028063,1962.5067026993677
2025-06-23,114.38256919268753,2898.320624467065,9566.289840271984,23507.78890414344,2025,6,174,260.85982901081,0.2963192477033152,-0.9887084885188352,-10.3858386122328,0.0,0.0,140.82835650981187,2652.9143594746497,9079.424178597992,9190.014980502714,0.08365402575654497,1.3376703110891806,1.3551536741011645,1.500959137640763,0.08345943359389048,0.9644843257588654,0.9911901263692493,0.9988997290314944,16.691886718778097,289.3452977276596,396.47605054769974,499.4498645157472,1201.9630995098846,250.47399039857723,1948.8490017028716
2025-06-30,1398.1126586229138,2878.613019425851,6488.593896782783,19687.034316959176,2025,6,181,261.5266534286588,0.06013100575085956,-0.9995475211108183,-14.091247730399381,0.0,0.0,1335.2484435035253,2833.474839101249,7785.30798100118,11520.155389528834,0.7931563674567781,1.4287137298448296,1.1619997597790392,1.8815293049727886,0.6601933962102132,0.9728575984291246,0.981020332562085,0.999835825625337,132.03867924204263,291.85727952873737,392.408133024834,499.91791281266853,1316.2220046082825,247.43540569825942,2064.758539624968
2025-07-07,392.38240991533905,3769.8825922301075,3828.9871385124256,0.0,2025,7,188,262.18843496656734,-0.17952334543814305,-0.9959301464725504,-17.6318023786604,0.0,0.0,439.525711474307,3582.6068598914753,5807.573966397435,9216.124311623069,0.26108445841142586,1.8064461129948723,0.8668121505688958,1.505223443978231,0.2553095831686521,0.9911789242687528,0.9394827768690407,0.998922927665985,51.06191663373042,297.35367728062585,375.79311074761625,499.4614638329925,1223.6701684949649,244.55663258790693,1944.375974107661
2025-07-14,4887.712582394881,1758.1846170939382,3429.806650065999,0.0,2025,7,195,262.84526172330357,-0.40882949908697536,-0.9779086825176581,-20.8010727240695,0.0,0.0,4665.303238931591,2123.0703033865875,4617.413135528784,7372.899449298456,2.771255782456602,1.0705087795437656,0.6891741428057211,1.2041787551825849,0.9921972060571762,0.9225314742782766,0.8805808695056534,0.9951567589925735,198.43944121143525,276.759442283483,352.23234780226136,497.57837949628674,1325.0096107934664,242.04418899923405,2064.4177371386504
2025-07-21,484.31385013600976,2143.7693469590185,5634.035858225936,18206.160604067776,2025,7,202,263.4972194029627,-0.61456964572722,-0.9457437728036657,-23.404701277963287,0.0,0.0,693.3633194302001,2139.63042898908,5131.5653560910605,10273.602319522295,0.41186756999621943,1.078858837391373,0.7659141713622272,1.6779360328236161,0.39005726185701434,0.9243755027963337,0.9107369525231003,0.9995457033493084,78.01145237140287,277.31265083890014,364.2947810092401,499.7728516746542,1219.3917358941974,240.0925181249994,1963.7696048773375
2025-07-28,900.1338701555409,1584.5532422339297,9760.48776574663,0.0,2025,7,209,264.1443914028603,-0.7848843824818821,-0.899900616856888,-25.27177499008155,0.0,0.0,889.7953426467169,1695.568084343613,7456.622446194202,7864.680507085936,0.5285509563312709,0.8549507370098277,1.1129416475732536,1.2844988932858181,0.4842726552651544,0.8571299698347157,0.9769527756002995,0.9967560727412671,96.85453105303088,257.1389909504147,390.7811102401198,498.37803637063354,1243.152668614199,238.87261641277877,1999.760013563876
2025-08-04,2799.049433677224,937.3255039322464,2699.088537302805,13349.921365356653,2025,8,216,264.7868588973789,-0.9099563202217766,-0.8410422420142852,-26.264978433540925,0.0,0.0,2703.5867292166045,1088.970900152924,5076.610805375779,9039.672926930441,1.6059685668857568,0.5490882272818979,0.7577119043631879,1.4764045227070846,0.9225620595089441,0.6770420431724731,0.90789684766126,0.9987560924202853,184.51241190178882,203.1126129517419,363.158739064504,499.37804621014266,1250.1618101281774,238.521880463838,1982.4644479727317
2025-08-11,227.42119351014836,5549.149152462075,8251.403127868158,0.0,2025,8,223,265.4247009179904,-0.9825759836816946,-0.7700199140913021,-26.28893846659495,0.0,0.0,351.229470279466,4657.121782445887,6653.722856385984,7231.738341544354,0.20863524847830625,2.348245250079705,0.9931044962671522,1.1811236181656677,0.2056598392540878,0.998257544889087,0.963040169079337,0.9945666060538132,41.13196785081756,299.47726346672613,385.2160676317348,497.2833030269066,1223.1086019761851,239.13576245139544,1952.5424411928623
2025-08-18,99.39338911264439,3486.0132460404934,4346.1611170359265,22691.126865456583,2025,8,230,266.05799442966475,-0.9985573845660749,-0.6878608255657452,-25.296273151977303,0.0,0.0,111.98519317042921,3720.2361569191426,5489.706440194806,10290.689208834678,0.06652078080012286,1.8758424822792703,0.819368685263428,1.6807267489107702,0.0664228356915916,0.9928308721471745,0.9272958515721142,0.9995519969827301,13.284567138318321,297.84926164415236,370.9183406288457,499.77599849136504,1181.8281679026813,240.76172127768746,1916.5688046573543
2025-08-25,1575.2475914974143,2842.6853924133366,4778.281580408639,18857.87359117715,2025,8,237,266.68681440386064,-0.9569793129179811,-0.5957532393428872,-23.290988283913027,0.0,0.0,1502.0844715876383,3018.1954717345297,5130.640456740204,11970.695315683251,0.892259316155151,1.5218548089138435,0.7657761250799043,1.9551137355170438,0.7125078583104827,0.9794062470133517,0.9106898508289113,0.9998863603769971,142.50157166209652,293.8218741040055,364.2759403315645,499.94318018849856,1300.542566286165,243.3958261199476,2054.9232178185375
2025-09-01,1697.7235573470525,1718.9518827223942,6392.6213548233945,13682.228617707888,2025,9,244,267.31123388827984,-0.8602384380825814,-0.4950293029667999,-20.32901611574072,0.0,0.0,1687.941603107522,1978.7964002079757,5766.657639539272,12864.653083747993,1.0026610679935222,0.997762022281235,0.860705165193847,2.10111938224215,0.7627094732396621,0.9045397809069007,0.9380326292616729,0.9999452359780311,152.54189464793242,271.3619342720702,375.21305170466917,499.97261798901553,1299.0894986136873,246.98221777253912,2050.0167297021426
2025-09-08,2725.89821906909,876.8988835692003,3900.786327970836,0.0,2025,9,251,267.93132407355955,-0.7139111583860239,-0.3871457818351608,-16.51585410331777,0.0,0.0,2674.000388190788,1097.2765820191528,4834.645473319573,10291.722466998395,1.588393863924261,0.5532761740228571,0.7215972563094049,1.6808955057937203,0.9199027066767139,0.6804299656827721,0.894338963696,0.9995523747566862,183.9805413353428,204.12898970483164,357.73558547839997,499.77618737834314,1245.6213038969177,251.4154699702418,1990.679651421955
2025-09-15,2173.5485280870516,3153.8294745554217,5487.403081296829,9396.112954768598,2025,9,258,268.54715435706237,-0.5264321628773563,-0.2736629900720831,-12.00142729424159,0.0,0.0,2198.5711211549246,2742.5209646566054,5160.73676205932,9757.389971302913,1.3059821882099143,1.3828523558850514,0.7702681631131323,1.5936256543675744,0.8632552569232839,0.9689163631852896,0.9122104474788144,0.9993075865834203,172.65105138465677,290.6749089555869,364.88417899152574,499.65379329171014,1327.8639326234795,256.5457270628208,2090.5688688836603
2025-09-22,1760.379635154476,1565.8661330007105,3721.152174582217,12616.962886602863,2025,9,265,269.1587924039161,-0.3086082336796557,-0.15622222378075645,-6.972456861906182,0.0,0.0,1782.2892094864214,1801.197061060592,4429.102633828289,10838.00542073267,1.0587048740116585,0.9082116896826512,0.6610677713848558,1.7701171657022652,0.7851676678640424,0.8769294948034778,0.8673140255854034,0.9997134455350813,157.03353357280847,263.07884844104336,346.92561023416135,499.85672276754065,1266.8947150155539,262.1863355420099,2030.2459811497401
2025-09-29,562.8478002596818,2266.475524807732,4537.9984730522265,0.0,2025,9,272,269.76630420544564,-0.07299531466090735,-0.036522023057658747,-1.6427600657784913,0.0,0.0,623.8198706380347,2173.4225541645155,4487.156259196629,8132.151460235344,0.3705577826732846,1.0958977298962713,0.6697325922110756,1.3281835849903278,0.3544795029645982,0.9280083863437489,0.8715437312767388,0.9973917498434135,70.89590059291963,278.4025159031247,348.6174925106955,498.6958749217068,1196.6117839284466,268.12354413966716,1976.3590679545082
2025-10-06,1652.0431622823435,1150.645995715309,9029.844382969519,8227.601227445744,2025,10,279,270.36975413512977,0.1668252461760922,0.08370639391033283,3.7579746012963753,0.0,0.0,1600.6319977529947,1355.1922992476245,6760.026676485233,8482.968463218864,0.9507979336352615,0.6833241706600798,1.008970922325102,1.3854807697484595,0.7401440794261167,0.7718896823585999,0.9652735024972826,0.9980408346356909,148.02881588522334,231.56690470757997,386.10940099891303,499.02041731784544,1264.7255389095617,274.12772873642615,2030.4286305194596
2025-10-13,1753.7013698155245,2038.0963596273339,6562.308510099169,0.0,2025,10,286,270.9692050022106,0.39702956129360445,0.20272416937045615,8.996305959960909,0.0,0.0,1746.047901273788,1901.5125822100176,6665.512980337424,5871.495651161907,1.0371770268805354,0.9587934560724259,0.9948642366952472,0.9589619894991054,0.7767708518942451,0.8933328135284127,0.9632946565897207,0.9835906060723202,155.35417037884903,267.9998440585238,385.3178626358883,491.7953030361601,1300.4671801094212,279.9655109621715,2076.5007453124194
2025-10-20,535.8576038223753,1202.2817943052335,9013.166962982268,0.0,2025,10,293,271.56471810307113,0.604348048835178,0.31880995501925286,13.847370057816464,0.0,0.0,596.3671186563747,1342.124592331021,7847.643668488421,3936.8695928136026,0.3542504616317171,0.6767350836381313,1.1713037017762729,0.6429892009501824,0.3401396681519459,0.7678642750732859,0.9817073517550124,0.9227857281245713,68.02793363038919,230.35928252198576,392.682940702005,461.39286406228564,1152.4630209166658,285.4120881608876,1933.1698112399674
2025-10-27,6033.56524631156,1235.7170933457046,4315.565936987635,0.0,2025,10,300,272.15635327049495,0.7768303262053172,0.4302848077794425,18.106727009771394,0.0,0.0,5761.705340089701,1256.9976034753859,6077.532145055998,2597.8445665910695,3.422534061085241,0.6338117810980702,0.9071048839478645,0.4242929471462053,0.9978728773242198,0.7401077838631349,0.9482579217562688,0.7859439986240122,199.57457546484397,222.03233515894047,379.3031687025075,392.9719993120061,1193.882078638298,290.26308028026637,1966.582979540979
2025-11-03,2080.279071270204,2021.1987081856864,8281.381428632558,0.0,2025,11,307,272.74416892091114,0.9045340615359925,0.5355364722720669,21.60105800712089,0.0,0.0,2264.35038468722,1868.3608307756667,7188.046189002438,2078.275653272856,1.3450559965121067,0.942077457119817,1.0728551735248566,0.3394343577169643,0.8728812955327985,0.888154040684194,0.9729985897226523,0.6903299863401747,174.5762591065597,266.4462122052582,389.1994358890609,345.16499317008737,1175.3869003709663,294.34522692803205,1973.2855706237733
2025-11-10,358.67597475395735,526.1775901294891,2294.554821375981,0.0,2025,11,314,273.3282220997243,0.9800980758307126,0.6330426987877023,24.19711161927622,0.0,0.0,453.95969518327166,794.6088568138889,4735.040018405051,1283.7804765978317,0.2696584478755091,0.40066301910286367,0.7067305978591797,0.209673438091493,0.2633069919488754,0.537756873459201,0.8882268784102064,0.48092246337468963,52.66139838977508,161.3270620377603,355.29075136408255,240.46123168734482,809.7404434789628,297.5253337190005,1610.3984404641221
2025-11-17,2737.953092408211,548.0802170339988,6391.175841063172,15974.635918059104,2025,11,321,273.90856852482216,0.9991666606720484,0.7213932595100382,25.8083988027313,0.0,0.0,2623.753422583241,597.3838605590848,5568.343270256623,4357.328929113124,1.558546459187779,0.3012169057549114,0.831105661869184,0.7116607193496677,0.9151846612894091,0.4233982959953963,0.9305144274624947,0.9446038572329191,183.03693225788183,127.0194887986189,372.20577098499786,472.3019286164595,1154.564120657958,299.71696732755345,1954.342449465221
2025-11-24,3162.685051281602,1017.4949039156351,8551.762569512724,0.0,2025,11,328,274.4852626283491,0.9606406527045711,0.7993103445722607,26.399264959152475,0.0,0.0,3135.738469943162,933.4701373254653,7067.923045564008,3485.8631432904995,1.8626727828932512,0.4706805873808484,1.0549261379414232,0.5693285754797341,0.9529251890456145,0.608175566801669,0.9710201152232331,0.8902897783886716,190.5850378091229,182.4526700405007,388.40804608929324,445.1448891943358,1206.5906431332526,300.88452758750157,2004.6601251202526
2025-12-01,1965.8084480257903,1493.9382731126514,2238.2117447526252,17101.803778338486,2025,12,335,275.05835759682867,0.8667407923000047,0.8656670429590739,25.98611752888618,0.0,0.0,2024.3049491333022,1381.8453490195982,4639.750468416715,6566.848512517033,1.2024656294423226,0.6967633505765441,0.6925081118038933,1.0725304911119868,0.8344051290887842,0.7799116698125736,0.8820695740046913,0.9906668506681965,166.88102581775684,233.97350094377208,352.82782960187654,495.33342533409825,1249.0157816975038,301.0444751257148,2033.075807918614
2025-12-08,986.560024542484,2952.1397961408225,4343.106831142527,0.0,2025,12,342,275.627905409713,0.7228797142445897,0.919503640965951,24.63575032815811,0.0,0.0,1038.4472707435566,2638.0827786823284,4487.077273938529,5253.478810013627,0.6168522937178695,1.3301918317249475,0.6697208032296811,0.8580243928895895,0.5489326118501201,0.9636931387509922,0.8715380627462779,0.9729639737603303,109.78652237002402,289.10794162529766,348.61522509851113,486.48198688016515,1233.9916759739979,300.2636557378711,2029.2075878386847
2025-12-15,505.96979351210115,1551.7338873327203,6388.904554893472,0.0,2025,12,349,276.19395687643356,0.53734994924193,0.960041502491815,22.460871776006176,0.0,0.0,532.5936673725647,1769.0043812823608,5432.845301851121,4202.783048010901,0.31636813403451963,0.8919792802873217,0.8108818496421057,0.6864195143116717,0.3062192870219938,0.8711835427311111,0.9248796621015601,0.9373854872340103,61.24385740439876,261.35506281933334,369.95186484062407,468.69274361700514,1161.2435286813613,298.65482865243973,1955.7857831354797
2025-12-22,1195.2783067170203,1711.6241232684222,10116.397134689163,0.0,2025,12,356,276.75656167202294,0.3208459206448357,0.9866943304151345,19.613103765899556,0.0,0.0,1162.1440745702516,1723.1011495313026,7785.995397089165,3362.226438408721,0.6903299360746465,0.868833644214623,1.1621023603866267,0.5491356114493373,0.5981939153984935,0.8625575970487244,0.9810280463915986,0.8793375962981896,119.63878307969871,258.76727911461734,392.4112185566394,439.6687981490948,1210.4860789000502,296.3696654379225,1997.2284171073134
2025-12-29,1836.9545784689221,1415.1536521303103,4537.680933430002,12534.299661122897,2025,12,363,277.315768371374,0.085847489781079,0.9990766461807037,16.273862039426742,0.0,0.0,1803.2140532649587,1476.7419104270566,6154.497576053304,5702.009066852181,1.0711345257081153,0.7446127326592534,0.9185923951097106,0.9312805942057444,0.7898882719505875,0.8064946097279743,0.950524190621505,0.9811776732122396,157.9776543901175,241.94838291839227,380.20967624860197,490.5888366061198,1270.7245501632315,293.58963041080074,2062.37875203404
